id;name;phone;specialty;active;avatar_url;tickets_served_count;created_date;salon_id
1;camarade à la faveur de;+33 527319642;bzzz au-delà;false;euh apte;5267;2026-08-21T18:21:17;1
2;aïe;+33 528911077;équipe outre;true;vivre puis;15608;2026-08-21T23:55:02;2
3;à moins de;+33 325360172;coin-coin associer;false;atchoum antique si;21758;2026-08-21T23:15:16;3
4;ronron plic amorphe;0220244170;autour;false;tantôt rédaction;23907;2026-08-22T09:41:12;4
5;tant que hors de;+33 680046274;commis de cuisine rose responsable;true;mal quant à en dedans de;30141;2026-08-22T12:10:08;5
6;vraisemblablement entraîner;+33 743502122;orange;false;à l'encontre de mériter vroum;32739;2026-08-21T23:49:57;6
7;sitôt lorsque;+33 247207772;pater après;false;candide;32552;2026-08-22T13:01:51;7
8;patientèle;+33 720882339;près de pourpre;true;loufoque dès que;2768;2026-08-22T09:30:29;8
9;coin-coin;+33 331432630;athlète chef de cuisine;true;à travers compliquer vroum;5337;2026-08-22T08:02:58;9
10;cocorico reconstituer moyennant;+33 551927848;malgré atchoum;true;conseil municipal feindre;28341;2026-08-21T20:40:03;10
11;d'après jusqu’à ce que souvent;+33 520965428;tellement;false;du moment que;32373;2026-08-22T04:04:23;11
12;aussitôt que insipide;+33 650986604;impromptu triathlète personnel professionnel;true;envers sage;29554;2026-08-22T12:37:19;12
13;descendre;0360622906;à l'instar de retourner laisser;true;attribuer durer;7094;2026-08-22T12:28:20;13
14;quand où;+33 208363546;gouverner chez longtemps;false;groin groin communiquer;2734;2026-08-22T15:32:21;14
15;broum;0510793300;coac coac;true;pour;25740;2026-08-22T11:48:01;15
16;précisément renseigner en faveur de;+33 275127058;enfermer délectable ouch;true;diablement présidence;21451;2026-08-22T12:38:26;16
17;en dépit de;0222899891;toc-toc;true;envers;28212;2026-08-22T07:13:51;17
18;contrarier bè;0737371954;quoique avant;false;reconstruire de façon que tirer;31505;2026-08-21T22:41:00;18
19;agréable aigre assurer;0223997892;malgré;true;coupable placide;4309;2026-08-21T21:36:27;19
20;guide oups;0135327012;tandis que;true;éloigner lorsque doucement;10952;2026-08-21T19:12:54;20
21;proche de tant;0132018359;rectangulaire antagoniste;false;assigner;22455;2026-08-22T04:08:53;21
22;avare choisir;+33 541676875;circulaire cyan étant donné que;true;près de former;21361;2026-08-22T08:18:07;22
23;ouille;0729646712;mature;false;lâche glouglou;25333;2026-08-22T10:51:39;23
24;quand étant donné que selon;+33 493452794;vers;true;secouriste parmi de façon que;9322;2026-08-22T16:14:19;24
25;étant donné que neutre ronron;+33 579179467;guide direction;false;balayer;19507;2026-08-22T05:53:03;25
26;quoique;+33 368713218;gigantesque peut-être au lieu de;true;électorat à l'instar de à raison de;27473;2026-08-21T19:47:42;26
27;conseil municipal ailleurs miaou;0503007486;adversaire fade;false;actionnaire;927;2026-08-22T02:17:58;27
28;près grrr;+33 232229978;hypocrite;true;apte assumer zzzz;32331;2026-08-22T10:59:45;28
29;puisque;+33 567148119;par suite de;true;pschitt tard ah;724;2026-08-22T04:01:51;29
30;triangulaire craquer paf;0107278921;équipe;true;placer égoïste;27173;2026-08-21T19:40:31;30
