id;created_date;user_id;salon_id
1;2026-08-22T01:45:23;1;1
2;2026-08-21T19:23:46;2;2
3;2026-08-22T04:59:33;1;3
4;2026-08-21T18:32:01;2;4
5;2026-08-22T04:29:40;2;5
6;2026-08-21T19:30:16;2;6
7;2026-08-21T20:47:56;2;7
8;2026-08-22T06:08:33;1;8
9;2026-08-22T00:34:46;1;9
10;2026-08-21T19:01:19;2;10
11;2026-08-21T20:32:27;2;11
12;2026-08-21T20:04:08;2;12
13;2026-08-22T06:29:13;1;13
14;2026-08-21T20:36:35;2;14
15;2026-08-22T07:49:00;2;15
16;2026-08-22T08:18:06;1;16
17;2026-08-21T19:39:57;1;17
18;2026-08-22T15:11:48;2;18
19;2026-08-21T23:50:14;1;19
20;2026-08-22T11:02:30;2;20
21;2026-08-21T22:24:32;2;21
22;2026-08-22T05:55:19;2;22
23;2026-08-22T03:17:28;2;23
24;2026-08-22T05:54:53;1;24
25;2026-08-22T07:41:46;1;25
26;2026-08-22T10:00:30;2;26
27;2026-08-22T17:40:39;1;27
28;2026-08-22T04:59:32;1;28
29;2026-08-22T17:09:01;1;29
30;2026-08-21T22:43:37;1;30
