id;phone;code_hash;status;attempts_count;expires_at;created_date
1;+33 275310293;aïe ensemble tandis que;EXPIRED;21156;2026-08-22T04:56:36;2026-08-22T05:16:22
2;0482432999;étant donné que debout admirablement;PENDING;8304;2026-08-21T20:57:53;2026-08-22T00:03:07
3;0365148318;reparaître finir secouriste;VERIFIED;19464;2026-08-21T19:19:54;2026-08-22T06:09:19
4;+33 502018916;caractériser admirablement chut;VERIFIED;1411;2026-08-21T23:51:34;2026-08-22T05:08:23
5;+33 186587768;depuis meuh;PENDING;21539;2026-08-21T22:39:48;2026-08-22T01:35:51
6;0718783062;suivant;EXPIRED;22761;2026-08-22T16:04:26;2026-08-22T14:57:18
7;+33 359669414;splendide enfin ronron;VERIFIED;9783;2026-08-22T10:21:52;2026-08-22T08:55:29
8;0230117081;vite;PENDING;24977;2026-08-21T19:21:49;2026-08-22T13:15:59
9;0652453454;équipe de recherche peu direction;PENDING;14527;2026-08-22T13:16:36;2026-08-22T01:08:12
10;0419507335;membre du personnel;EXPIRED;24177;2026-08-22T10:23:44;2026-08-22T08:14:10
11;0667127685;rudement diablement;VERIFIED;12907;2026-08-22T18:03:47;2026-08-22T02:19:18
12;+33 366479796;partenaire;MAX_ATTEMPTS_EXCEEDED;29158;2026-08-21T21:23:10;2026-08-22T13:28:26
13;+33 766677316;en plus de;MAX_ATTEMPTS_EXCEEDED;18508;2026-08-21T20:22:26;2026-08-21T23:53:09
14;0264302792;précisément contre subito;PENDING;3021;2026-08-22T06:53:21;2026-08-22T14:58:55
15;0649208631;quand paf;VERIFIED;28986;2026-08-22T08:11:01;2026-08-22T11:21:53
16;0306885186;quoique triste;EXPIRED;18706;2026-08-21T22:31:20;2026-08-22T04:55:03
17;+33 400459113;de boum;EXPIRED;19472;2026-08-22T15:32:05;2026-08-22T01:34:47
18;0325384645;magenta en quoique;EXPIRED;24931;2026-08-21T20:14:34;2026-08-21T18:59:35
19;+33 794510962;impromptu;EXPIRED;8907;2026-08-22T17:59:21;2026-08-21T20:50:47
20;+33 622162033;hystérique en vérité sauf à;PENDING;6652;2026-08-22T15:48:17;2026-08-22T04:30:58
21;0782358780;afin que;PENDING;17277;2026-08-22T09:32:56;2026-08-22T18:00:50
22;+33 701092249;vétuste;PENDING;25307;2026-08-22T12:17:14;2026-08-22T04:24:42
23;+33 465102897;vorace lunatique;VERIFIED;28473;2026-08-22T13:12:59;2026-08-22T09:04:06
24;0795103307;au prix de;PENDING;11624;2026-08-22T16:46:42;2026-08-22T10:14:22
25;+33 120126239;à l'entour de;VERIFIED;24488;2026-08-22T03:29:53;2026-08-22T17:30:43
26;+33 158561257;affranchir;PENDING;29710;2026-08-22T09:52:33;2026-08-22T17:37:32
27;0244561250;malgré;MAX_ATTEMPTS_EXCEEDED;32247;2026-08-22T02:35:31;2026-08-22T15:31:57
28;0425373584;distraire;EXPIRED;26378;2026-08-21T23:14:30;2026-08-22T07:27:37
29;+33 732408759;auparavant considérable;MAX_ATTEMPTS_EXCEEDED;20388;2026-08-22T10:32:08;2026-08-22T17:16:35
30;0190852930;de peur que toc antique;EXPIRED;6022;2026-08-22T01:54:00;2026-08-22T17:40:19
