id;name;slug;description;image;icon
1;hôte;clientèle conseil d’administration;de peur que à l'égard de jeune;envers en bas de;très délégation
2;fourbe ouah sombrer;ouin administration;avant que approximativement;d'entre;chef à l'encontre de
3;cot cot identifier chef;poursuivre;croiser;espiègle;contre délectable chut
4;aussitôt arrière;quelquefois;diététiste sauf mal;au cas où;chef
5;oh psitt;derrière épanouir en decà de;noyer glisser désagréable;quitte à;transformer magnifique
6;remuer;quand tellement fabriquer;consommer mériter ha;exiger calme éloigner;souvent
7;touriste;de façon à;quand bè oh;coin-coin croâ au-dehors;électorat de façon à ce que
8;parvenir;bouffer trop;garder lâche ci;enfermer triathlète;chut membre de l’équipe hi
9;vouh séculaire en plus de;quand au-dessus de;tant;ouch;pschitt
10;camarade bientôt avex;désagréable incalculable après que;gens;insulter;affable membre titulaire
11;avaler contre;pschitt commis;touriste rédaction que;tantôt;toc euh à demi
12;suivant grrr;prestataire de services;dessous bof;équipe de recherche tout alors que;où nonobstant subsister
13;entre;fidèle;novice;mélancolique mépriser pourvu que;fonctionnaire
14;malgré via;bang;tant tandis que;de façon que dans assez;psitt
15;clac apte;de par;chef diplomate;résulter bien que;psitt dès
16;au point que ça;débile certainement;infiniment ouch miaou;à raison de;gestionnaire charitable même si
17;aux environs de bang;juriste ding euh;spécialiste;à condition que contre ouah;déchiffrer
18;avant-hier;triangulaire entraîner rédaction;délégation oser;instruire;secours aussitôt que acheter
19;entre;antique;smack;pff groin groin tordre;concilier avant oui
20;ailleurs spécialiste;encore;au-dedans de hôte;infime;tantôt avant que au-dehors
21;pff tantôt amorphe;enfoncer vouh vouh;considérable pin-pon pis;ici vétuste espiègle;secours actionnaire
22;en outre de sauf;jusqu’à ce que pff;équipe de recherche membre du personnel;jamais;vu que bien que
23;badaboum projeter également;touriste en guise de;areu areu administration main-d’œuvre;alors rêver snif;au dépens de environ
24;adversaire à demi;jusque;de façon à ce que dissiper;méditer dans la mesure où aussitôt que;concurrence toujours lancer
25;lorsque;tchou tchouu;crac dans la mesure où depuis;désormais autant ressortir;mature quand ?
26;drôlement pff pschitt;personnel;extra de manière à ce que;ha bof égoïste;habile sous
27;communauté étudiante rattacher tant que;représenter insolite;ouin broum;outre;encore à l'égard de
28;prou membre du personnel apte;à la merci;main-d’œuvre drôlement détailler;si camarade apte;timide dring
29;collègue quasi commis de cuisine;bè tandis que;autour de quelquefois;comme après rédiger;lorsque vlan
30;ça contre;produire franco;police emmerder;circulaire;cyan innombrable
