id;image_url;sort_order;product_id
1;renvoyer à l'encontre de;13834;1
2;détecter par rapport à porte-parole;11648;2
3;que cultiver;11211;3
4;près de biathlète partenaire;30716;4
5;main-d’œuvre;17266;5
6;malgré entièrement incalculable;18242;6
7;comme tendre;22611;7
8;quitte à;14962;8
9;à l'instar de quitte à rallier;20394;9
10;que;22;10
11;avant boum;4403;11
12;de;17607;12
13;avare ouf;21543;13
14;chef euh groin groin;29271;14
15;jurer;2268;15
16;quand derechef;20448;16
17;blablabla coac coac;2974;17
18;d'entre si;21964;18
19;arriver selon;18079;19
20;ouch cocorico;31947;20
21;personnel;30086;21
22;exprès administration;18715;22
23;vu que malgré candide;6529;23
24;impromptu cuicui;25490;24
25;toujours;17744;25
26;pendant que plic biathlète;19759;26
27;mature alimenter dès;4708;27
28;bof regarder efficace;27148;28
29;au-dessus ensuite lorsque;25073;29
30;au moyen de afin que broum;22906;30
