id;name;relation;phone;created_date;user_id
1;vu que;MERE;+33 602500566;2026-08-22T02:19:46;1
2;vite même si;PERE;0460196740;2026-08-22T11:48:37;2
3;de façon que;MERE;0451152297;2026-08-21T21:18:57;2
4;parlementaire;SOEUR;0628233157;2026-08-21T19:25:10;1
5;coac coac;AUTRE;0385498823;2026-08-21T22:38:23;1
6;à l'insu de;AUTRE;0578998298;2026-08-22T00:05:02;2
7;dès que plic foule;AMI;+33 414226627;2026-08-22T15:18:35;2
8;présidence du côté de;AUTRE;0149049214;2026-08-22T06:39:21;1
9;mouiller mélancolique compromettre;PERE;0164410427;2026-08-22T04:38:04;1
10;délégation mairie de façon que;AUTRE;+33 164816636;2026-08-22T05:34:14;2
11;détacher dessous;PERE;+33 690429007;2026-08-22T09:36:35;2
12;dès que alimenter;AUTRE;0322423831;2026-08-22T11:22:10;1
13;efficace incalculable responsable;ENFANT;0395779083;2026-08-22T18:03:24;2
14;suivant vis-à-vie de rédaction;SOEUR;+33 555945690;2026-08-22T04:52:14;2
15;sans doute gigantesque apparaître;AMI;0196932215;2026-08-22T02:59:59;1
16;de façon que;AUTRE;0188159951;2026-08-22T07:42:04;1
17;montrer;AUTRE;0266730965;2026-08-22T01:31:04;1
18;prout doucement;AMI;+33 352187080;2026-08-22T10:57:18;1
19;menacer;AMI;0749431222;2026-08-22T09:03:46;2
20;chut expliquer;ENFANT;+33 686547176;2026-08-21T23:37:55;1
21;assez;PERE;+33 371476958;2026-08-21T19:06:02;2
22;aussitôt pacifique;MERE;+33 582504095;2026-08-21T20:54:07;2
23;population du Québec insolite partir;PERE;+33 781729160;2026-08-22T08:45:44;2
24;plouf vu que blême;ENFANT;+33 734817239;2026-08-22T08:39:03;1
25;trop peu céder;AMI;+33 124783858;2026-08-21T19:34:06;2
26;drôlement;SOEUR;+33 208308456;2026-08-22T05:31:49;2
27;vivace;ENFANT;0741949095;2026-08-21T23:23:20;1
28;rudement fonctionnaire crac;AMI;+33 647264466;2026-08-22T00:08:21;2
29;comme cot cot gêner;AMI;+33 464550684;2026-08-22T02:54:50;2
30;comme spécialiste;ENFANT;0799208585;2026-08-22T03:50:53;2
