id;label;icon;href;sort_order;salon_id
1;snif;PHONE;afin que ici remuer;21363;1
2;géométrique secours;GLOBE;à moins de présidence dehors;5556;2
3;toc-toc plouf;NAVIGATION;examiner;25399;3
4;quelque main-d’œuvre nager;SHARE;absolument;9115;4
5;ah;GLOBE;cot cot murmurer;1189;5
6;cadre varier;PHONE;avant zzzz;21315;6
7;athlète lors de triompher;GLOBE;moderne;26234;7
8;de façon à ce que;NAVIGATION;briller;17221;8
9;corps enseignant;GLOBE;toc-toc priver;13124;9
10;renseigner;SHARE;réagir;23826;10
11;peut-être;SHARE;comme;443;11
12;grrr bzzz;SHARE;loin lunatique pourvu que;1501;12
13;entre déduire;GLOBE;sauf à;11755;13
14;malade;GLOBE;grâce à raide;30599;14
15;trop;PHONE;trop pff pourvu que;4277;15
16;jusqu’à ce que si bien que zzzz;PHONE;derechef;6955;16
17;minuscule;PHONE;large hirsute;21601;17
18;direction quand ?;PHONE;touriste jamais;3216;18
19;drôlement employer insolite;SHARE;enlever jusque bzzz;11699;19
20;cocorico selon circulaire;GLOBE;quelque;2208;20
21;a de façon à ce que;SHARE;avant que de façon à ce que mature;14418;21
22;sitôt que;PHONE;à seule fin de heurter;4052;22
23;incognito terriblement ouille;SHARE;aussitôt que plus;21340;23
24;suivre oups délégation;SHARE;ruiner;2650;24
25;restituer souligner à l'exception de;NAVIGATION;afin que pourvu que peu;2839;25
26;ressembler traiter du côté de;SHARE;pourvu que;6079;26
27;raide d’autant que cyan;PHONE;à l'encontre de contre apparemment;21697;27
28;lectorat de façon à ce que loufoque;PHONE;communauté étudiante mature;7368;28
29;au-dessous de en outre de;SHARE;cuicui lentement vouh;4466;29
30;réchauffer tout à fait apparaître;GLOBE;badaboum au moyen de;31613;30
